"","density","ratio","average_distance"
"Aarhus",0.480606197363554,58.3979328165375,219.533652472415
"Aarhus C",3.45692896995877,53.0035335689046,61.3657318683198
"Berlin",14.9999991137571,46.3494382413301,48.9889878448259
"Bremen",7.17800480818291,58.4458077709611,57.4533098827951
"København",9.52207577119739,33.4516765285996,70.5554605388833
"Hamburg",10.2632787895426,58.9488525103783,63.9272230970752
